id,name
2,tag#2
3,tag#3
4,tag#4
5,tag#5
6,tag#6
7,tag#7
8,tag#8
9,tag#9
10,tag#10
11,tag#11
12,tag#12
13,tag#13
14,tag#14
15,tag#15
16,tag#16
17,tag#17
18,tag#18
19,tag#19
20,tag#20
21,tag#21
22,tag#22
23,tag#23
24,tag#24
25,tag#25
26,tag#26
27,tag#27
28,tag#28
29,tag#29
30,tag#30
31,tag#31
32,tag#32
33,tag#33
34,tag#34
35,tag#35
36,tag#36
37,tag#37
38,tag#38
39,tag#39
40,tag#40
41,tag#41
42,tag#42
43,tag#43
44,tag#44
45,tag#45
46,tag#46
47,tag#47
48,tag#48
49,tag#49
50,tag#50
51,tag#51
52,tag#52
53,tag#53
54,tag#54
55,tag#55
56,tag#56
57,tag#57
58,tag#58
59,tag#59
60,tag#60
61,tag#61
62,tag#62
63,tag#63
64,tag#64
65,tag#65
66,tag#66
67,tag#67
68,tag#68
69,tag#69
70,tag#70
71,tag#71
72,tag#72
73,tag#73
74,tag#74
75,tag#75
76,tag#76
77,tag#77
78,tag#78
79,tag#79
80,tag#80
81,tag#81
82,tag#82
83,tag#83
84,tag#84
85,tag#85
86,tag#86
87,tag#87
88,tag#88
89,tag#89
90,tag#90
91,tag#91
92,tag#92
93,tag#93
94,tag#94
95,tag#95
96,tag#96
97,tag#97
98,tag#98
99,tag#99
100,tag#100
101,tag#101
102,tag#102
103,tag#103
104,tag#104
105,tag#105
106,tag#106
107,tag#107
108,tag#108
109,tag#109
110,tag#110
111,tag#111
112,tag#112
113,tag#113
114,tag#114
115,tag#115
116,tag#116
117,tag#117
118,tag#118
119,tag#119
120,tag#120
121,tag#121
122,tag#122
123,tag#123
124,tag#124
125,tag#125
126,tag#126
127,tag#127
128,tag#128
129,tag#129
130,tag#130
131,tag#131
132,tag#132
133,tag#133
134,tag#134
135,tag#135
136,tag#136
137,tag#137
138,tag#138
139,tag#139
140,tag#140
141,tag#141
142,tag#142
143,tag#143
144,tag#144
145,tag#145
146,tag#146
147,tag#147
148,tag#148
149,tag#149
150,tag#150
151,tag#151
152,tag#152
153,tag#153
154,tag#154
155,tag#155
156,tag#156
157,tag#157
158,tag#158
159,tag#159
160,tag#160
161,tag#161
